,Date,Name,Price,RSI,MarketCap,Volume,URL
13,20200820,suku,0.263031,29.687049656307735,"$18,713,491 USD","$111,352 USD",https://coinmarketcap.com/currencies/suku/historical-data/?start=20200501&end=20200820
59,20200820,xensor,0.013174000000000002,34.26978893836532,"$24,817,290 USD","$4,953,415 USD",https://coinmarketcap.com/currencies/xensor/historical-data/?start=20200501&end=20200820
22,20200820,digitex-futures,0.051193,37.925221399527935,"$44,564,224 USD","$2,765,022 USD",https://coinmarketcap.com/currencies/digitex-futures/historical-data/?start=20200501&end=20200820
155,20200820,doc-com,0.0033280000000000002,39.21894350879919,"$2,615,460 USD","$12,624.65 USD",https://coinmarketcap.com/currencies/doc-com/historical-data/?start=20200501&end=20200820
187,20200820,energi,1.77,39.401152225450524,"$55,263,399 USD","$1,481,001 USD",https://coinmarketcap.com/currencies/energi/historical-data/?start=20200501&end=20200820
0,20200820,insolar,0.6103850000000001,39.553120075330064,"$60,543,554 USD","$1,451,363 USD",https://coinmarketcap.com/currencies/insolar/historical-data/?start=20200501&end=20200820
2,20200820,ampleforth,0.6210680000000001,39.57454388114506,"$153,444,554 USD","$22,081,510 USD",https://coinmarketcap.com/currencies/ampleforth/historical-data/?start=20200501&end=20200820
197,20200820,casino-betting-coin,0.01444,39.7945961407073,"$2,261,753 USD","$24,817.14 USD",https://coinmarketcap.com/currencies/casino-betting-coin/historical-data/?start=20200501&end=20200820
80,20200820,trueflip,0.33703099999999997,40.62609564717817,"$2,060,195 USD","$55,292.26 USD",https://coinmarketcap.com/currencies/trueflip/historical-data/?start=20200501&end=20200820
140,20200820,aurora,0.010684,41.80840852313919,"$69,197,655 USD","$9,238,153 USD",https://coinmarketcap.com/currencies/aurora/historical-data/?start=20200501&end=20200820
138,20200820,sylo,0.002888,42.39273947059182,No Data,"$291,433 USD",https://coinmarketcap.com/currencies/sylo/historical-data/?start=20200501&end=20200820
164,20200820,nimiq,0.004952000000000001,42.55715388520392,"$30,599,549 USD","$1,631,289 USD",https://coinmarketcap.com/currencies/nimiq/historical-data/?start=20200501&end=20200820
147,20200820,enecuum,0.014987,42.88979033576876,"$1,721,862 USD","$22,165.78 USD",https://coinmarketcap.com/currencies/enecuum/historical-data/?start=20200501&end=20200820
41,20200820,bitcoin-diamond,0.804678,44.239676857366376,"$152,037,539 USD","$5,114,639 USD",https://coinmarketcap.com/currencies/bitcoin-diamond/historical-data/?start=20200501&end=20200820
180,20200820,dxchain-token,0.002187,44.261169640122,"$108,930,322 USD","$758,670 USD",https://coinmarketcap.com/currencies/dxchain-token/historical-data/?start=20200501&end=20200820
3,20200820,vid,0.387879,44.44074298755686,"$12,319,481 USD","$1,554,340 USD",https://coinmarketcap.com/currencies/vid/historical-data/?start=20200501&end=20200820
8,20200820,kambria,0.0011949999999999999,44.69847440522832,"$2,473,552 USD","$13,442.79 USD",https://coinmarketcap.com/currencies/kambria/historical-data/?start=20200501&end=20200820
46,20200820,babb,8e-05,44.727350620105284,"$2,891,898 USD","$135,520 USD",https://coinmarketcap.com/currencies/babb/historical-data/?start=20200501&end=20200820
173,20200820,dero,1.02,44.7926425025689,"$9,643,745 USD","$1,207,129 USD",https://coinmarketcap.com/currencies/dero/historical-data/?start=20200501&end=20200820
66,20200820,cpchain,0.002258,45.507503973876695,"$878,045 USD","$81,809.29 USD",https://coinmarketcap.com/currencies/cpchain/historical-data/?start=20200501&end=20200820
186,20200820,digitalbits,0.019168,45.80170773237774,"$6,592,008 USD","$916,122 USD",https://coinmarketcap.com/currencies/digitalbits/historical-data/?start=20200501&end=20200820
32,20200820,open-platform,0.001267,45.88762670481676,"$1,358,746 USD","$12,184.53 USD",https://coinmarketcap.com/currencies/open-platform/historical-data/?start=20200501&end=20200820
106,20200820,nix,0.101949,45.93793957693144,"$4,616,097 USD","$117,480 USD",https://coinmarketcap.com/currencies/nix/historical-data/?start=20200501&end=20200820
73,20200820,blockcloud,0.000549,45.94364634060332,No Data,"$119,497 USD",https://coinmarketcap.com/currencies/blockcloud/historical-data/?start=20200501&end=20200820
131,20200820,gamb,0.000184,46.22282185384422,"$731,331 USD","$18,742.27 USD",https://coinmarketcap.com/currencies/gamb/historical-data/?start=20200501&end=20200820
134,20200820,paparazzi,0.07586699999999999,46.57806932330448,No Data,"$274,610 USD",https://coinmarketcap.com/currencies/paparazzi/historical-data/?start=20200501&end=20200820
25,20200820,multivac,0.000865,46.82393950982462,"$3,072,672 USD","$418,099 USD",https://coinmarketcap.com/currencies/multivac/historical-data/?start=20200501&end=20200820
33,20200820,deepbrain-chain,0.0008880000000000001,47.28700228675407,"$2,785,810 USD","$306,859 USD",https://coinmarketcap.com/currencies/deepbrain-chain/historical-data/?start=20200501&end=20200820
69,20200820,revain,0.010565999999999999,47.32415832527717,"$26,510,112 USD","$1,169,900 USD",https://coinmarketcap.com/currencies/revain/historical-data/?start=20200501&end=20200820
135,20200820,videocoin,0.10409700000000001,47.38736547480925,"$12,223,124 USD","$771,010 USD",https://coinmarketcap.com/currencies/videocoin/historical-data/?start=20200501&end=20200820
137,20200820,bitcoin-sv,208.95,47.448141892325395,"$3,890,202,625 USD","$657,713,834 USD",https://coinmarketcap.com/currencies/bitcoin-sv/historical-data/?start=20200501&end=20200820
172,20200820,loki,0.542493,47.50966725445642,"$27,204,279 USD","$111,930 USD",https://coinmarketcap.com/currencies/loki/historical-data/?start=20200501&end=20200820
102,20200820,tether,1.0,48.00616022309342,"$9,988,784,812 USD","$34,620,887,405 USD",https://coinmarketcap.com/currencies/tether/historical-data/?start=20200501&end=20200820
82,20200820,cardano,0.133642,48.03904231283858,"$3,427,919,371 USD","$335,311,029 USD",https://coinmarketcap.com/currencies/cardano/historical-data/?start=20200501&end=20200820
85,20200820,verasity,0.0009310000000000001,48.217542750930335,"$3,613,379 USD","$494,203 USD",https://coinmarketcap.com/currencies/verasity/historical-data/?start=20200501&end=20200820
56,20200820,perth-mint-gold-token,1951.14,48.23229873367473,No Data,"$4,242.67 USD",https://coinmarketcap.com/currencies/perth-mint-gold-token/historical-data/?start=20200501&end=20200820
183,20200820,waves-enterprise,0.090537,48.26655094295453,"$3,441,038 USD","$319,294 USD",https://coinmarketcap.com/currencies/waves-enterprise/historical-data/?start=20200501&end=20200820
112,20200820,iot-chain,0.147782,48.492527748777384,"$13,887,697 USD","$5,034,000 USD",https://coinmarketcap.com/currencies/iot-chain/historical-data/?start=20200501&end=20200820
110,20200820,dragonchain,0.07888200000000001,48.73147923850574,"$26,343,155 USD","$206,625 USD",https://coinmarketcap.com/currencies/dragonchain/historical-data/?start=20200501&end=20200820
184,20200820,metadium,0.009373999999999999,48.932490807009806,"$11,549,934 USD","$645,039 USD",https://coinmarketcap.com/currencies/metadium/historical-data/?start=20200501&end=20200820
104,20200820,presearch,0.015487,49.050613259730824,"$2,701,894 USD","$114,926 USD",https://coinmarketcap.com/currencies/presearch/historical-data/?start=20200501&end=20200820
165,20200820,wirex-token,0.010626,49.06730427853579,"$28,541,880 USD","$471,298 USD",https://coinmarketcap.com/currencies/wirex-token/historical-data/?start=20200501&end=20200820
45,20200820,zcash,79.53,49.174660675693936,"$783,639,684 USD","$337,399,548 USD",https://coinmarketcap.com/currencies/zcash/historical-data/?start=20200501&end=20200820
125,20200820,susd,1.01,49.40752562937392,"$22,595,742 USD","$2,654,124 USD",https://coinmarketcap.com/currencies/susd/historical-data/?start=20200501&end=20200820
108,20200820,fortknoxster,0.003048,49.42563353266727,"$450,265 USD","$92,098.51 USD",https://coinmarketcap.com/currencies/fortknoxster/historical-data/?start=20200501&end=20200820
76,20200820,swissborg,0.112829,49.524624539173196,"$81,195,335 USD","$884,571 USD",https://coinmarketcap.com/currencies/swissborg/historical-data/?start=20200501&end=20200820
202,20200820,ethereum-classic,6.98,50.49047636801896,"$824,463,216 USD","$541,190,194 USD",https://coinmarketcap.com/currencies/ethereum-classic/historical-data/?start=20200501&end=20200820
64,20200820,v-systems,0.028656,50.55999000688513,"$62,519,918 USD","$3,026,994 USD",https://coinmarketcap.com/currencies/v-systems/historical-data/?start=20200501&end=20200820
154,20200820,orion-protocol,3.77,50.60853276517982,"$14,704,468 USD","$4,897,545 USD",https://coinmarketcap.com/currencies/orion-protocol/historical-data/?start=20200501&end=20200820
124,20200820,arcs,0.302644,50.61915342427407,No Data,"$209,009 USD",https://coinmarketcap.com/currencies/arcs/historical-data/?start=20200501&end=20200820
42,20200820,pundi-x,0.00021099999999999998,50.97727130894249,"$49,483,032 USD","$2,063,416 USD",https://coinmarketcap.com/currencies/pundi-x/historical-data/?start=20200501&end=20200820
21,20200820,nuls,0.501892,51.07070687796428,"$43,945,302 USD","$21,581,613 USD",https://coinmarketcap.com/currencies/nuls/historical-data/?start=20200501&end=20200820
70,20200820,crpt,0.317494,51.47190440696688,"$32,365,729 USD","$202,416 USD",https://coinmarketcap.com/currencies/crpt/historical-data/?start=20200501&end=20200820
72,20200820,zilliqa,0.022747,51.556747951862675,"$243,652,999 USD","$43,342,226 USD",https://coinmarketcap.com/currencies/zilliqa/historical-data/?start=20200501&end=20200820
89,20200820,travala,1.59,51.64167557724963,"$60,730,925 USD","$2,223,997 USD",https://coinmarketcap.com/currencies/travala/historical-data/?start=20200501&end=20200820
60,20200820,alchemy,1.1,51.728186709237576,No Data,"$19,199.84 USD",https://coinmarketcap.com/currencies/alchemy/historical-data/?start=20200501&end=20200820
98,20200820,bytom,0.100856,51.969158754473426,"$146,556,773 USD","$30,729,162 USD",https://coinmarketcap.com/currencies/bytom/historical-data/?start=20200501&end=20200820
130,20200820,grin,0.5654859999999999,51.997656302035395,"$29,800,908 USD","$7,427,404 USD",https://coinmarketcap.com/currencies/grin/historical-data/?start=20200501&end=20200820
158,20200820,xyo,0.000625,52.18550918574797,"$7,777,732 USD","$58,498.57 USD",https://coinmarketcap.com/currencies/xyo/historical-data/?start=20200501&end=20200820
190,20200820,metahash,0.00486,52.23919243213638,"$9,736,926 USD","$2,633,744 USD",https://coinmarketcap.com/currencies/metahash/historical-data/?start=20200501&end=20200820
153,20200820,solve,0.130661,52.297680445012865,"$44,485,759 USD","$2,110,709 USD",https://coinmarketcap.com/currencies/solve/historical-data/?start=20200501&end=20200820
192,20200820,wax,0.053132000000000006,52.321092137578994,"$68,263,494 USD","$3,245,420 USD",https://coinmarketcap.com/currencies/wax/historical-data/?start=20200501&end=20200820
20,20200820,adbank,0.002729,52.48419824596899,"$1,816,827 USD","$144,205 USD",https://coinmarketcap.com/currencies/adbank/historical-data/?start=20200501&end=20200820
78,20200820,merculet,0.000625,52.772920415496046,"$2,271,750 USD","$98,921.54 USD",https://coinmarketcap.com/currencies/merculet/historical-data/?start=20200501&end=20200820
196,20200820,chromia,0.066235,52.80875503564547,"$27,205,324 USD","$4,624,498 USD",https://coinmarketcap.com/currencies/chromia/historical-data/?start=20200501&end=20200820
62,20200820,bitcoin-cash,294.79,52.911965713022845,"$5,502,723,431 USD","$1,247,915,130 USD",https://coinmarketcap.com/currencies/bitcoin-cash/historical-data/?start=20200501&end=20200820
114,20200820,vechain,0.019396,52.989943616760684,"$1,090,361,417 USD","$199,638,583 USD",https://coinmarketcap.com/currencies/vechain/historical-data/?start=20200501&end=20200820
93,20200820,covesting,0.413571,52.99945247695125,"$7,184,082 USD","$45,556.18 USD",https://coinmarketcap.com/currencies/covesting/historical-data/?start=20200501&end=20200820
75,20200820,spendcoin,0.00468,53.06470986762488,"$10,580,303 USD","$460,720 USD",https://coinmarketcap.com/currencies/spendcoin/historical-data/?start=20200501&end=20200820
4,20200820,compound,179.95,53.087355722985244,"$445,727,097 USD","$74,208,780 USD",https://coinmarketcap.com/currencies/compound/historical-data/?start=20200501&end=20200820
27,20200820,milk-alliance,0.21806199999999998,53.20834931851789,No Data,"$2,945,201 USD",https://coinmarketcap.com/currencies/milk-alliance/historical-data/?start=20200501&end=20200820
204,20200820,kyber-network,1.72,53.55460948499494,"$373,942,357 USD","$121,915,650 USD",https://coinmarketcap.com/currencies/kyber-network/historical-data/?start=20200501&end=20200820
28,20200820,dash,91.58,53.56247787930161,"$877,485,190 USD","$203,958,744 USD",https://coinmarketcap.com/currencies/dash/historical-data/?start=20200501&end=20200820
194,20200820,datx,0.000337,53.69184070544262,"$463,895 USD","$307,435 USD",https://coinmarketcap.com/currencies/datx/historical-data/?start=20200501&end=20200820
90,20200820,oneledger,0.012412000000000001,53.71678472335074,"$4,754,382 USD","$328,689 USD",https://coinmarketcap.com/currencies/oneledger/historical-data/?start=20200501&end=20200820
47,20200820,request,0.043213,53.718927252161215,"$34,423,274 USD","$539,187 USD",https://coinmarketcap.com/currencies/request/historical-data/?start=20200501&end=20200820
81,20200820,power-ledger,0.103024,53.75472874921606,"$45,714,217 USD","$2,588,711 USD",https://coinmarketcap.com/currencies/power-ledger/historical-data/?start=20200501&end=20200820
146,20200820,crypto-com-coin,0.163681,53.863849889525405,"$3,106,611,570 USD","$64,256,930 USD",https://coinmarketcap.com/currencies/crypto-com-coin/historical-data/?start=20200501&end=20200820
96,20200820,plutusdefi,0.297698,53.88737107269435,"$5,772,348 USD","$4,466,447 USD",https://coinmarketcap.com/currencies/plutusdefi/historical-data/?start=20200501&end=20200820
176,20200820,wink-tronbet,0.00011100000000000001,54.05378515932393,"$34,920,240 USD","$1,848,034 USD",https://coinmarketcap.com/currencies/wink-tronbet/historical-data/?start=20200501&end=20200820
159,20200820,dent,0.000304,54.28899403328538,"$25,141,773 USD","$505,895 USD",https://coinmarketcap.com/currencies/dent/historical-data/?start=20200501&end=20200820
15,20200820,paybx,0.005809,54.82363858423386,"$1,627,385 USD","$59,350.65 USD",https://coinmarketcap.com/currencies/paybx/historical-data/?start=20200501&end=20200820
162,20200820,electroneum,0.005919,54.837155115903485,"$60,386,924 USD","$365,902 USD",https://coinmarketcap.com/currencies/electroneum/historical-data/?start=20200501&end=20200820
148,20200820,stellar,0.107175,54.88924131465093,"$2,196,848,115 USD","$214,258,906 USD",https://coinmarketcap.com/currencies/stellar/historical-data/?start=20200501&end=20200820
50,20200820,gochain,0.013550999999999999,54.89792313900163,"$13,759,577 USD","$1,104,063 USD",https://coinmarketcap.com/currencies/gochain/historical-data/?start=20200501&end=20200820
1,20200820,tokoin,0.02501,55.05041965657634,"$4,183,138 USD","$255,150 USD",https://coinmarketcap.com/currencies/tokoin/historical-data/?start=20200501&end=20200820
35,20200820,enjin-coin,0.20855700000000002,55.06438060179133,"$176,828,951 USD","$14,980,208 USD",https://coinmarketcap.com/currencies/enjin-coin/historical-data/?start=20200501&end=20200820
54,20200820,roobee,0.004733,55.590630302504174,"$9,079,931 USD","$991,900 USD",https://coinmarketcap.com/currencies/roobee/historical-data/?start=20200501&end=20200820
133,20200820,lockchain,0.465634,55.63013424320045,"$7,162,313 USD","$195,271 USD",https://coinmarketcap.com/currencies/lockchain/historical-data/?start=20200501&end=20200820
92,20200820,rsk-infrastructure-framework,0.096716,55.63289421320502,"$60,607,460 USD","$471,411 USD",https://coinmarketcap.com/currencies/rsk-infrastructure-framework/historical-data/?start=20200501&end=20200820
201,20200820,tezos,3.85,55.66973189448189,"$2,822,700,871 USD","$306,296,326 USD",https://coinmarketcap.com/currencies/tezos/historical-data/?start=20200501&end=20200820
97,20200820,cargox,0.018462,55.68723185640424,"$2,820,809 USD","$17,996.98 USD",https://coinmarketcap.com/currencies/cargox/historical-data/?start=20200501&end=20200820
156,20200820,pivx,0.5102899999999999,55.72650046680142,"$29,142,183 USD","$562,543 USD",https://coinmarketcap.com/currencies/pivx/historical-data/?start=20200501&end=20200820
107,20200820,turtlecoin,2.1e-05,55.85490005079925,"$1,677,425 USD","$857,972 USD",https://coinmarketcap.com/currencies/turtlecoin/historical-data/?start=20200501&end=20200820
175,20200820,bolt,0.0034509999999999996,55.859670633182354,"$3,492,340 USD","$268,965 USD",https://coinmarketcap.com/currencies/bolt/historical-data/?start=20200501&end=20200820
181,20200820,eden,0.00288,55.96974913742244,"$1,702,452 USD","$105,531 USD",https://coinmarketcap.com/currencies/eden/historical-data/?start=20200501&end=20200820
36,20200820,change,0.158745,56.38357109400971,"$2,909,231 USD","$65,880.98 USD",https://coinmarketcap.com/currencies/change/historical-data/?start=20200501&end=20200820
105,20200820,decred,17.16,56.395869505328015,"$208,019,751 USD","$6,434,215 USD",https://coinmarketcap.com/currencies/decred/historical-data/?start=20200501&end=20200820
141,20200820,elastos,2.72,56.43112137840998,"$47,732,736 USD","$6,711,710 USD",https://coinmarketcap.com/currencies/elastos/historical-data/?start=20200501&end=20200820
26,20200820,selfkey,0.001941,56.442427615698655,"$6,120,871 USD","$364,402 USD",https://coinmarketcap.com/currencies/selfkey/historical-data/?start=20200501&end=20200820
115,20200820,te-food,0.023954,56.51058873243796,"$12,451,063 USD","$62,926.86 USD",https://coinmarketcap.com/currencies/te-food/historical-data/?start=20200501&end=20200820
38,20200820,bittorrent,0.000469,56.64582243093339,"$459,155,506 USD","$27,599,527 USD",https://coinmarketcap.com/currencies/bittorrent/historical-data/?start=20200501&end=20200820
189,20200820,akropolis,0.027047,56.788371420784806,"$52,647,030 USD","$6,667,978 USD",https://coinmarketcap.com/currencies/akropolis/historical-data/?start=20200501&end=20200820
67,20200820,maker,665.88,56.83196248011425,"$659,546,110 USD","$39,053,468 USD",https://coinmarketcap.com/currencies/maker/historical-data/?start=20200501&end=20200820
205,20200820,aelf,0.119468,57.03116140204518,"$69,061,425 USD","$18,374,364 USD",https://coinmarketcap.com/currencies/aelf/historical-data/?start=20200501&end=20200820
48,20200820,tomochain,1.25,57.080594828757086,"$87,375,945 USD","$9,166,533 USD",https://coinmarketcap.com/currencies/tomochain/historical-data/?start=20200501&end=20200820
61,20200820,silent-notary,3e-06,57.17445510214952,"$243,830 USD","$15,322.55 USD",https://coinmarketcap.com/currencies/silent-notary/historical-data/?start=20200501&end=20200820
55,20200820,eos,3.44,57.45280772788281,"$3,309,545,318 USD","$2,476,085,936 USD",https://coinmarketcap.com/currencies/eos/historical-data/?start=20200501&end=20200820
58,20200820,neblio,0.6696810000000001,57.73888577856362,"$10,851,903 USD","$200,389 USD",https://coinmarketcap.com/currencies/neblio/historical-data/?start=20200501&end=20200820
168,20200820,function-x,0.10313900000000001,57.96502930186181,"$22,698,458 USD","$554,496 USD",https://coinmarketcap.com/currencies/function-x/historical-data/?start=20200501&end=20200820
5,20200820,credits,0.037497,57.978590647180845,"$6,669,436 USD","$175,439 USD",https://coinmarketcap.com/currencies/credits/historical-data/?start=20200501&end=20200820
122,20200820,fetch,0.117226,58.078151182279,"$89,917,138 USD","$26,949,798 USD",https://coinmarketcap.com/currencies/fetch/historical-data/?start=20200501&end=20200820
178,20200820,cappasity,0.002286,58.17740352312239,"$1,499,933 USD","$63,422.17 USD",https://coinmarketcap.com/currencies/cappasity/historical-data/?start=20200501&end=20200820
150,20200820,herocoin,0.00313,58.267834898124846,"$573,016 USD","$20,208.47 USD",https://coinmarketcap.com/currencies/herocoin/historical-data/?start=20200501&end=20200820
88,20200820,xrp,0.292573,58.30979383173553,"$13,219,105,255 USD","$1,741,093,684 USD",https://coinmarketcap.com/currencies/xrp/historical-data/?start=20200501&end=20200820
200,20200820,matrix-ai-network,0.018476,58.34949229411393,"$2,968,702 USD","$117,977 USD",https://coinmarketcap.com/currencies/matrix-ai-network/historical-data/?start=20200501&end=20200820
43,20200820,swipe,3.2,58.44334200462355,"$204,930,008 USD","$234,388,524 USD",https://coinmarketcap.com/currencies/swipe/historical-data/?start=20200501&end=20200820
23,20200820,ontology,0.855311,58.4746100672415,"$666,835,816 USD","$239,435,536 USD",https://coinmarketcap.com/currencies/ontology/historical-data/?start=20200501&end=20200820
185,20200820,digibyte,0.032355,58.487188161648035,"$429,674,082 USD","$13,285,089 USD",https://coinmarketcap.com/currencies/digibyte/historical-data/?start=20200501&end=20200820
53,20200820,terra-luna,0.514732,58.526159698171064,"$193,387,980 USD","$13,076,696 USD",https://coinmarketcap.com/currencies/terra-luna/historical-data/?start=20200501&end=20200820
30,20200820,telcoin,0.000342,58.781944352148415,"$15,086,803 USD","$335,074 USD",https://coinmarketcap.com/currencies/telcoin/historical-data/?start=20200501&end=20200820
149,20200820,populous,0.399945,58.79581319924206,"$22,535,989 USD","$1,241,616 USD",https://coinmarketcap.com/currencies/populous/historical-data/?start=20200501&end=20200820
31,20200820,zel,0.046439,58.828119315937805,"$5,208,407 USD","$1,986,151 USD",https://coinmarketcap.com/currencies/zel/historical-data/?start=20200501&end=20200820
167,20200820,iotex,0.008756,58.8448312111784,"$43,027,399 USD","$3,854,880 USD",https://coinmarketcap.com/currencies/iotex/historical-data/?start=20200501&end=20200820
6,20200820,suterusu,0.01115,58.89725936561956,"$12,970,422 USD","$2,059,470 USD",https://coinmarketcap.com/currencies/suterusu/historical-data/?start=20200501&end=20200820
129,20200820,dapp-token,0.00161,58.97232153026685,No Data,"$324,159 USD",https://coinmarketcap.com/currencies/dapp-token/historical-data/?start=20200501&end=20200820
188,20200820,achain,0.009146,58.99386705694776,"$9,683,562 USD","$15,657,890 USD",https://coinmarketcap.com/currencies/achain/historical-data/?start=20200501&end=20200820
119,20200820,ankr,0.012784,59.01994142053003,"$73,463,405 USD","$14,475,379 USD",https://coinmarketcap.com/currencies/ankr/historical-data/?start=20200501&end=20200820
18,20200820,quarkchain,0.00915,59.07581328993723,"$19,350,794 USD","$3,402,564 USD",https://coinmarketcap.com/currencies/quarkchain/historical-data/?start=20200501&end=20200820
9,20200820,arpa-chain,0.041517,59.358398837573475,"$34,695,729 USD","$14,864,275 USD",https://coinmarketcap.com/currencies/arpa-chain/historical-data/?start=20200501&end=20200820
191,20200820,noia-network,0.11268800000000001,59.41666324400864,"$35,451,843 USD","$594,966 USD",https://coinmarketcap.com/currencies/noia-network/historical-data/?start=20200501&end=20200820
182,20200820,thekey,0.0005690000000000001,59.520727818107204,"$3,759,276 USD","$63,811.89 USD",https://coinmarketcap.com/currencies/thekey/historical-data/?start=20200501&end=20200820
71,20200820,jarvis,0.0038840000000000003,59.57446899908493,"$390,193 USD","$56,136.00 USD",https://coinmarketcap.com/currencies/jarvis/historical-data/?start=20200501&end=20200820
123,20200820,chrono-tech,2.75,59.750870217242216,"$1,941,382 USD","$118,827 USD",https://coinmarketcap.com/currencies/chrono-tech/historical-data/?start=20200501&end=20200820
111,20200820,neutrino-dollar,1.01,59.81087314877702,"$21,661,647 USD","$1,380,181 USD",https://coinmarketcap.com/currencies/neutrino-dollar/historical-data/?start=20200501&end=20200820
12,20200820,aion,0.130787,59.887665187760966,"$60,700,762 USD","$2,698,373 USD",https://coinmarketcap.com/currencies/aion/historical-data/?start=20200501&end=20200820
152,20200820,rsk-smart-bitcoin,11847.8,60.31566260076185,"$3,209,789 USD","$65,954.27 USD",https://coinmarketcap.com/currencies/rsk-smart-bitcoin/historical-data/?start=20200501&end=20200820
170,20200820,chiliz,0.017865,60.32934528159634,"$84,925,613 USD","$17,592,945 USD",https://coinmarketcap.com/currencies/chiliz/historical-data/?start=20200501&end=20200820
177,20200820,binance-coin,23.09,60.53483696338903,"$3,346,038,359 USD","$252,220,020 USD",https://coinmarketcap.com/currencies/binance-coin/historical-data/?start=20200501&end=20200820
179,20200820,eos-force,0.0034170000000000003,60.56898541761702,"$3,136,433 USD","$256,553 USD",https://coinmarketcap.com/currencies/eos-force/historical-data/?start=20200501&end=20200820
127,20200820,bitcoin,11878.37,60.57788575296735,"$219,122,647,801 USD","$20,877,228,187 USD",https://coinmarketcap.com/currencies/bitcoin/historical-data/?start=20200501&end=20200820
68,20200820,nano,1.24,60.682974826236105,"$177,706,529 USD","$13,497,143 USD",https://coinmarketcap.com/currencies/nano/historical-data/?start=20200501&end=20200820
83,20200820,harmony,0.011962,60.82977194528861,"$71,709,126 USD","$14,660,441 USD",https://coinmarketcap.com/currencies/harmony/historical-data/?start=20200501&end=20200820
19,20200820,litecoin,62.97,60.943993933603444,"$4,082,021,987 USD","$2,737,242,412 USD",https://coinmarketcap.com/currencies/litecoin/historical-data/?start=20200501&end=20200820
139,20200820,phantasma,0.14718900000000001,61.309236605108694,"$8,736,101 USD","$323,397 USD",https://coinmarketcap.com/currencies/phantasma/historical-data/?start=20200501&end=20200820
65,20200820,decentraland,0.091139,61.486442283478915,"$128,653,163 USD","$20,888,347 USD",https://coinmarketcap.com/currencies/decentraland/historical-data/?start=20200501&end=20200820
74,20200820,blockport,0.026954000000000002,61.59675025891498,"$1,702,117 USD","$33,125.73 USD",https://coinmarketcap.com/currencies/blockport/historical-data/?start=20200501&end=20200820
145,20200820,amber,0.037047000000000004,62.148678028626925,"$3,989,480 USD","$1,931,948 USD",https://coinmarketcap.com/currencies/amber/historical-data/?start=20200501&end=20200820
63,20200820,aergo,0.06325,62.23687379667231,"$16,513,579 USD","$2,065,158 USD",https://coinmarketcap.com/currencies/aergo/historical-data/?start=20200501&end=20200820
161,20200820,lympo,0.003019,62.50987178907972,"$2,516,443 USD","$114,540 USD",https://coinmarketcap.com/currencies/lympo/historical-data/?start=20200501&end=20200820
174,20200820,just,0.06114,62.96085538630175,"$139,396,204 USD","$315,572,252 USD",https://coinmarketcap.com/currencies/just/historical-data/?start=20200501&end=20200820
44,20200820,blockstack,0.284819,63.62466160940145,"$152,952,828 USD","$3,429,216 USD",https://coinmarketcap.com/currencies/blockstack/historical-data/?start=20200501&end=20200820
24,20200820,trias,0.001299,63.93312227511862,"$2,929,543 USD","$1,553,065 USD",https://coinmarketcap.com/currencies/trias/historical-data/?start=20200501&end=20200820
195,20200820,ethereum,416.44,63.94222046695491,"$46,658,203,553 USD","$9,914,647,695 USD",https://coinmarketcap.com/currencies/ethereum/historical-data/?start=20200501&end=20200820
17,20200820,kusama,14.71,63.953439733337845,"$120,825,110 USD","$11,132,007 USD",https://coinmarketcap.com/currencies/kusama/historical-data/?start=20200501&end=20200820
51,20200820,lisk,1.75,64.02095625758682,"$252,442,265 USD","$28,647,205 USD",https://coinmarketcap.com/currencies/lisk/historical-data/?start=20200501&end=20200820
94,20200820,betprotocol,0.001872,65.0454586636011,"$3,291,485 USD","$338,583 USD",https://coinmarketcap.com/currencies/betprotocol/historical-data/?start=20200501&end=20200820
95,20200820,cryptoindex-com-100,0.350827,65.20316613051119,"$23,822,932 USD","$72,039.44 USD",https://coinmarketcap.com/currencies/cryptoindex-com-100/historical-data/?start=20200501&end=20200820
116,20200820,experty,0.040614,65.24691945684197,"$1,074,635 USD","$55,820.29 USD",https://coinmarketcap.com/currencies/experty/historical-data/?start=20200501&end=20200820
52,20200820,constellation,0.023009,65.73577306603235,"$27,289,444 USD","$642,724 USD",https://coinmarketcap.com/currencies/constellation/historical-data/?start=20200501&end=20200820
157,20200820,iostoken,0.007552,65.99525884476651,"$118,216,576 USD","$102,783,093 USD",https://coinmarketcap.com/currencies/iostoken/historical-data/?start=20200501&end=20200820
193,20200820,high-performance-blockchain,0.320801,66.01548538018818,"$22,479,181 USD","$1,291,586 USD",https://coinmarketcap.com/currencies/high-performance-blockchain/historical-data/?start=20200501&end=20200820
101,20200820,wanchain,0.43557399999999996,66.39802024605225,"$53,680,322 USD","$3,806,805 USD",https://coinmarketcap.com/currencies/wanchain/historical-data/?start=20200501&end=20200820
39,20200820,0x,0.6142850000000001,66.49069086639085,"$531,479,261 USD","$319,188,862 USD",https://coinmarketcap.com/currencies/0x/historical-data/?start=20200501&end=20200820
49,20200820,carvertical,0.000348,66.62512355462684,"$2,641,946 USD","$31,299.95 USD",https://coinmarketcap.com/currencies/carvertical/historical-data/?start=20200501&end=20200820
113,20200820,tron,0.027545,66.97530988931595,"$1,976,379,314 USD","$856,745,702 USD",https://coinmarketcap.com/currencies/tron/historical-data/?start=20200501&end=20200820
136,20200820,synthetix-network-token,6.21,67.28681591074132,"$564,872,794 USD","$61,944,793 USD",https://coinmarketcap.com/currencies/synthetix-network-token/historical-data/?start=20200501&end=20200820
79,20200820,hypercash,1.69,67.44872364906377,"$83,635,084 USD","$99,276,361 USD",https://coinmarketcap.com/currencies/hypercash/historical-data/?start=20200501&end=20200820
7,20200820,kardiachain,0.035977999999999996,68.08805894465954,"$57,060,623 USD","$3,947,668 USD",https://coinmarketcap.com/currencies/kardiachain/historical-data/?start=20200501&end=20200820
34,20200820,algorand,0.6278229999999999,68.58627212103906,"$473,268,650 USD","$216,681,991 USD",https://coinmarketcap.com/currencies/algorand/historical-data/?start=20200501&end=20200820
142,20200820,dia-data,3.67,68.63830358545333,"$37,202,684 USD","$35,919,830 USD",https://coinmarketcap.com/currencies/dia-data/historical-data/?start=20200501&end=20200820
87,20200820,gas,2.2,68.7634861407359,"$22,848,572 USD","$9,416,955 USD",https://coinmarketcap.com/currencies/gas/historical-data/?start=20200501&end=20200820
16,20200820,senso,0.232861,69.06251125598268,No Data,"$1,070,333 USD",https://coinmarketcap.com/currencies/senso/historical-data/?start=20200501&end=20200820
169,20200820,energy-web-token,12.98,69.1863572293451,"$394,048,272 USD","$4,298,574 USD",https://coinmarketcap.com/currencies/energy-web-token/historical-data/?start=20200501&end=20200820
86,20200820,cosmos,6.3,69.19241724556625,"$1,292,637,514 USD","$277,798,587 USD",https://coinmarketcap.com/currencies/cosmos/historical-data/?start=20200501&end=20200820
143,20200820,monero,101.31,69.21035196816091,"$1,812,496,748 USD","$190,200,253 USD",https://coinmarketcap.com/currencies/monero/historical-data/?start=20200501&end=20200820
57,20200820,waltonchain,0.671317,69.35182725283224,"$46,821,492 USD","$9,724,481 USD",https://coinmarketcap.com/currencies/waltonchain/historical-data/?start=20200501&end=20200820
160,20200820,nem,0.075205,69.56150204974679,"$722,703,261 USD","$22,469,919 USD",https://coinmarketcap.com/currencies/nem/historical-data/?start=20200501&end=20200820
29,20200820,marcopolo-protocol,0.05753200000000001,70.38987668144699,No Data,"$68,023.30 USD",https://coinmarketcap.com/currencies/marcopolo-protocol/historical-data/?start=20200501&end=20200820
109,20200820,loom-network,0.035521,70.42656757833807,"$37,757,139 USD","$17,613,425 USD",https://coinmarketcap.com/currencies/loom-network/historical-data/?start=20200501&end=20200820
120,20200820,coti,0.082726,70.84016866710583,"$45,395,761 USD","$9,912,904 USD",https://coinmarketcap.com/currencies/coti/historical-data/?start=20200501&end=20200820
171,20200820,vidt-datalink,0.9590920000000001,71.02717674337896,"$43,451,791 USD","$7,256,172 USD",https://coinmarketcap.com/currencies/vidt-datalink/historical-data/?start=20200501&end=20200820
132,20200820,civic,0.046159,71.05918080751039,"$31,125,379 USD","$11,282,069 USD",https://coinmarketcap.com/currencies/civic/historical-data/?start=20200501&end=20200820
126,20200820,bns-token,0.0854,71.92750060153783,No Data,"$620,295 USD",https://coinmarketcap.com/currencies/bns-token/historical-data/?start=20200501&end=20200820
103,20200820,caspian,0.007947,73.54525354965581,"$3,789,296 USD","$107,508 USD",https://coinmarketcap.com/currencies/caspian/historical-data/?start=20200501&end=20200820
151,20200820,kick-token,2.9999999999999997e-05,73.81294561368972,"$1,935,653 USD","$560,276 USD",https://coinmarketcap.com/currencies/kick-token/historical-data/?start=20200501&end=20200820
77,20200820,ocean-protocol,0.6029439999999999,74.14132710378364,"$204,617,793 USD","$15,903,523 USD",https://coinmarketcap.com/currencies/ocean-protocol/historical-data/?start=20200501&end=20200820
198,20200820,kucoin-shares,1.3,74.25451291769942,"$104,276,827 USD","$9,006,474 USD",https://coinmarketcap.com/currencies/kucoin-shares/historical-data/?start=20200501&end=20200820
203,20200820,status,0.044464,74.33782851244075,"$156,483,708 USD","$96,327,216 USD",https://coinmarketcap.com/currencies/status/historical-data/?start=20200501&end=20200820
199,20200820,origintrail,0.251929,74.80413567567973,"$79,153,284 USD","$913,896 USD",https://coinmarketcap.com/currencies/origintrail/historical-data/?start=20200501&end=20200820
163,20200820,waves,3.89,74.89366137294411,"$368,344,159 USD","$114,337,211 USD",https://coinmarketcap.com/currencies/waves/historical-data/?start=20200501&end=20200820
10,20200820,dock,0.029020999999999998,75.9520471363017,"$16,322,883 USD","$12,158,166 USD",https://coinmarketcap.com/currencies/dock/historical-data/?start=20200501&end=20200820
37,20200820,lukso,1.26,76.33549906791255,"$4,485,974 USD","$4,511,781 USD",https://coinmarketcap.com/currencies/lukso/historical-data/?start=20200501&end=20200820
14,20200820,singularitynet,0.058892999999999994,77.62378837212725,"$50,169,193 USD","$3,823,861 USD",https://coinmarketcap.com/currencies/singularitynet/historical-data/?start=20200501&end=20200820
11,20200820,neo,17.8,78.30671954402459,"$1,343,744,010 USD","$518,518,402 USD",https://coinmarketcap.com/currencies/neo/historical-data/?start=20200501&end=20200820
100,20200820,newscrypto,0.207688,79.77308286376376,"$19,978,262 USD","$1,800,575 USD",https://coinmarketcap.com/currencies/newscrypto/historical-data/?start=20200501&end=20200820
117,20200820,qtum,4.07,80.1923729601057,"$438,343,439 USD","$1,300,663,511 USD",https://coinmarketcap.com/currencies/qtum/historical-data/?start=20200501&end=20200820
91,20200820,dacc,8.499999999999999e-05,81.10575294720735,No Data,"$68,889.11 USD",https://coinmarketcap.com/currencies/dacc/historical-data/?start=20200501&end=20200820
84,20200820,road,0.178578,81.25400872478099,"$13,836,247 USD","$749,485 USD",https://coinmarketcap.com/currencies/road/historical-data/?start=20200501&end=20200820
118,20200820,utrust,0.219198,81.63989413776989,"$97,476,527 USD","$3,789,453 USD",https://coinmarketcap.com/currencies/utrust/historical-data/?start=20200501&end=20200820
40,20200820,wom-protocol,0.310323,81.97120492828756,"$26,206,886 USD","$10,252,175 USD",https://coinmarketcap.com/currencies/wom-protocol/historical-data/?start=20200501&end=20200820
144,20200820,fantom,0.035450999999999996,84.99692280175887,"$71,237,551 USD","$26,056,232 USD",https://coinmarketcap.com/currencies/fantom/historical-data/?start=20200501&end=20200820
121,20200820,omg,5.72,92.86244762373232,"$1,033,841,103 USD","$3,908,546,165 USD",https://coinmarketcap.com/currencies/omg/historical-data/?start=20200501&end=20200820
99,20200820,terra-sdt,1.4,,No Data,"$266,570 USD",https://coinmarketcap.com/currencies/terra-sdt/historical-data/?start=20200501&end=20200820
128,20200820,gramgold-coin,21.57,,No Data,"$62,563.97 USD",https://coinmarketcap.com/currencies/gramgold-coin/historical-data/?start=20200501&end=20200820
166,20200820,proof-of-liquidity,0.026688999999999997,,No Data,"$184,023 USD",https://coinmarketcap.com/currencies/proof-of-liquidity/historical-data/?start=20200501&end=20200820
